测试数据名称,makespan,(makespan-最优)/最优
Mk01,52,0.3
Mk02,34,0.3076923076923077
Mk03,231,0.1323529411764706
Mk04,87,0.45
Mk05,189,0.09248554913294797
Mk06,85,0.46551724137931033
Mk07,159,0.10416666666666667
Mk08,571,0.09177820267686425
Mk09,392,0.2768729641693811
Mk10,266,0.3434343434343434
